min_pred_yield,mean_pred_yield,max_pred_yield
3.367397825875078,3.525553737854194,3.5900357297136827
