year,quarter,produced_rice,area_harvested,rice_yield
2024,1,10000,2000,3.7144715810725777
2024,2,12000,2400,3.4176579010344916
2025,3,8000,1600,3.763379422885609
2025,4,9000,1800,3.782276184294705
