min_pred_yield,mean_pred_yield,max_pred_yield
3.4176579010344916,3.6694462723218457,3.782276184294705
