year,quarter,produced_rice,area_harvested,rice_yield
2024,1,10000,2000,3.577610579593945
2024,2,12000,2400,3.367397825875078
2025,3,8000,1600,3.5900357297136827
2025,4,9000,1800,3.5671708162340705
