model_name,test_start,test_end,n_points,rmse,mae,r2,mape
gbr,2006,2018,52,0.05486543325117099,0.038651065997359554,0.9762552342989415,1.080728188223268
