model_name,test_start,test_end,n_points,rmse,mae,r2,mape
gbr,2019,2023,20,0.6887954535705674,0.5818298632381064,-1.9992791051193342,14.332855748928736
