model_name,test_start,test_end,n_points,rmse,mae,r2,mape
gbr,2019,2023,20,0.6900544541955385,0.5766993070280573,-2.0102534670330114,14.228499100828811
