model_name,test_start,test_end,n_points,rmse,mae,r2,mape
mlr,2006,2018,52,0.40221233758117986,0.27549390816166763,-0.276089216942206,7.709002471870155
