model_name,test_start,test_end,n_points,rmse,mae,r2,mape
mlr,2019,2023,20,0.679612967611698,0.6158209248407385,-1.9198440229158482,15.516169123751927
