model_name,test_start,test_end,n_points,rmse,mae,r2,mape
rf,2019,2023,20,0.6582740221605857,0.5876398311920801,-1.739364172680716,14.365543122948862
