model_name,test_start,test_end,n_points,rmse,mae,r2,mape
rf,2019,2023,20,0.7083858498725004,0.6114225702626731,-2.172313454871233,14.926634764526986
