model_name,test_start,test_end,n_points,rmse,mae,r2,mape
rf,2006,2018,52,0.1549825538593033,0.12165094689836657,0.8105319921696823,3.3828334313806345
