model_name,test_start,test_end,n_points,rmse,mae,r2,mape
rf,2019,2023,20,0.6433128219033875,0.5519320435833638,-1.6162591069021413,13.46431184179242
