model_name,test_start,test_end,n_points,rmse,mae,r2,mape
mlr,2019,2023,20,0.6701024751108466,0.6035994173228328,-1.8386953237159869,15.087230132960153
