min_pred_yield,mean_pred_yield,max_pred_yield
3.216332820966347,3.7186228314715324,4.163775242481396
