min_pred_yield,mean_pred_yield,max_pred_yield
2.6393079326440554,3.6941439531202667,4.25797030019972
