min_pred_yield,mean_pred_yield,max_pred_yield
3.2594018901998862,3.6095033923205575,4.007613248169355
