min_pred_yield,mean_pred_yield,max_pred_yield
2.5651450094400507,3.6372384560623083,4.206342197048014
