min_pred_yield,mean_pred_yield,max_pred_yield
2.243717825669103,3.692524575849186,4.295132240502261
