min_pred_yield,mean_pred_yield,max_pred_yield
3.029903199328052,3.681903537167559,4.245456125662804
