min_pred_yield,mean_pred_yield,max_pred_yield
3.013861182098726,3.6049274038864825,4.069370087996145
