min_pred_yield,mean_pred_yield,max_pred_yield
2.4425256557167976,3.22366772258301,3.92383946306849
