min_pred_yield,mean_pred_yield,max_pred_yield
3.068246138671318,3.6499859770788357,4.204715670436362
