min_pred_yield,mean_pred_yield,max_pred_yield
3.2626161267117197,3.672424498920001,4.227448641358929
