min_pred_yield,mean_pred_yield,max_pred_yield
2.7969291879115517,3.64627292277748,4.074589327537738
