min_pred_yield,mean_pred_yield,max_pred_yield
2.9271528654559873,3.5372028450788937,4.17478219402058
