min_pred_yield,mean_pred_yield,max_pred_yield
3.1704768267733456,3.704206519109995,4.14435013131278
