min_pred_yield,mean_pred_yield,max_pred_yield
0.9925503314194963,3.279853723708996,4.865663242530751
