min_pred_yield,mean_pred_yield,max_pred_yield
3.012215729468731,3.6011115136425977,4.0738880171419805
