min_pred_yield,mean_pred_yield,max_pred_yield
3.284173785094329,3.61045911866037,3.90632781649635
