min_pred_yield,mean_pred_yield,max_pred_yield
2.5706455237406853,3.220729151245854,3.7952306521341903
